-- ============================================================
-- Diaspora — SQL Seed Dump
-- Generated by seed_data.py
-- Compatible with SQLite and PostgreSQL
-- ============================================================

-- Schema (CREATE IF NOT EXISTS — safe to run on existing DB)

CREATE TABLE IF NOT EXISTS tasks (
    id               INTEGER PRIMARY KEY AUTOINCREMENT,
    task_code        VARCHAR(20)  UNIQUE NOT NULL,
    original_request TEXT         NOT NULL,
    intent           VARCHAR(50)  NOT NULL,
    entities         TEXT,
    risk_score       INTEGER      NOT NULL DEFAULT 0,
    risk_label       VARCHAR(20)  NOT NULL DEFAULT 'low',
    assigned_team    VARCHAR(50),
    status           VARCHAR(20)  NOT NULL DEFAULT 'Pending',
    created_at       DATETIME,
    updated_at       DATETIME
);

CREATE TABLE IF NOT EXISTS task_steps (
    id          INTEGER PRIMARY KEY AUTOINCREMENT,
    task_id     INTEGER NOT NULL REFERENCES tasks(id) ON DELETE CASCADE,
    step_number INTEGER NOT NULL,
    description TEXT    NOT NULL,
    is_complete BOOLEAN DEFAULT 0
);

CREATE TABLE IF NOT EXISTS task_messages (
    id      INTEGER PRIMARY KEY AUTOINCREMENT,
    task_id INTEGER NOT NULL REFERENCES tasks(id) ON DELETE CASCADE,
    channel VARCHAR(20)  NOT NULL,
    subject VARCHAR(200),
    content TEXT         NOT NULL
);

CREATE TABLE IF NOT EXISTS status_history (
    id         INTEGER PRIMARY KEY AUTOINCREMENT,
    task_id    INTEGER NOT NULL REFERENCES tasks(id) ON DELETE CASCADE,
    old_status VARCHAR(20),
    new_status VARCHAR(20) NOT NULL,
    changed_at DATETIME
);

Sample Data 

-- Tasks
INSERT INTO tasks (id, task_code, original_request, intent, entities, risk_score, risk_label, assigned_team, status, created_at, updated_at) VALUES (1, 'VG-B56935D5', 'Please send KES 8,000 to my sister Grace Wanjiku in Nakuru for her rent. No rush, she needs it by end of week.', 'send_money', '{"amount": 8000, "recipient_name": "Grace Wanjiku", "recipient_location": "Nakuru", "urgency": "low", "is_first_time_customer": false, "notes": "Monthly rent contribution"}', 8, 'low', 'Finance Team', 'Completed', '2026-04-18 19:18:01.736381', '2026-04-18 19:18:01.736394');
INSERT INTO tasks (id, task_code, original_request, intent, entities, risk_score, risk_label, assigned_team, status, created_at, updated_at) VALUES (2, 'VG-76F0AAE5', 'I urgently need to send KES 120,000 to my father James Omondi in Kisumu. He has been admitted to hospital and needs surgery funds immediately.', 'send_money', '{"amount": 120000, "recipient_name": "James Omondi", "recipient_location": "Kisumu", "urgency": "critical", "is_first_time_customer": true, "notes": "Hospital surgery \u2014 critical urgency"}', 100, 'critical', 'Finance Team', 'In Progress', '2026-04-18 19:18:01.742036', '2026-04-18 19:18:01.742043');
INSERT INTO tasks (id, task_code, original_request, intent, entities, risk_score, risk_label, assigned_team, status, created_at, updated_at) VALUES (3, 'VG-0501243E', 'I need to urgently verify the land title for my 0.5 acre plot in Karen, Nairobi. I am about to sign a sale agreement and the buyer''s lawyer is asking for verification.', 'verify_document', '{"document_type": "land title deed", "plot_location": "Karen, Nairobi", "urgency": "high", "is_first_time_customer": false, "notes": "Sale agreement \u2014 buyer''s lawyer requesting verification before signing"}', 61, 'high', 'Legal Team', 'In Progress', '2026-04-18 19:18:01.758523', '2026-04-18 19:18:01.758529');
INSERT INTO tasks (id, task_code, original_request, intent, entities, risk_score, risk_label, assigned_team, status, created_at, updated_at) VALUES (4, 'VG-6FE2FBBC', 'I need someone to verify a land title deed for a plot in Kiambu urgently. I am wiring KES 2.5 million tomorrow and the agent says I must verify today.', 'verify_document', '{"document_type": "land title deed", "plot_location": "Kiambu", "urgency": "critical", "is_first_time_customer": true, "notes": "Agent pressure \u2014 large transaction tomorrow \u2014 high fraud risk indicators"}', 100, 'critical', 'Legal Team', 'Pending', '2026-04-18 19:18:01.768474', '2026-04-18 19:18:01.768481');
INSERT INTO tasks (id, task_code, original_request, intent, entities, risk_score, risk_label, assigned_team, status, created_at, updated_at) VALUES (5, 'VG-70F795E9', 'Can someone clean my 2-bedroom apartment in Kilimani on Saturday morning? Standard clean, no laundry needed.', 'hire_service', '{"service_type": "apartment cleaning", "recipient_location": "Kilimani, Nairobi", "preferred_date": "Saturday morning", "urgency": "normal", "is_first_time_customer": false, "notes": "2-bedroom, standard clean only"}', 3, 'low', 'Operations Team', 'Completed', '2026-04-18 19:18:01.775419', '2026-04-18 19:18:01.775425');
INSERT INTO tasks (id, task_code, original_request, intent, entities, risk_score, risk_label, assigned_team, status, created_at, updated_at) VALUES (6, 'VG-C1F7E7C3', 'I need a lawyer to review a tenancy agreement for my property in Lavington. The tenant wants to move in next week.', 'hire_service', '{"service_type": "legal review \u2014 tenancy agreement", "recipient_location": "Lavington, Nairobi", "urgency": "high", "is_first_time_customer": true, "notes": "Tenant moving in next week \u2014 legal document review required"}', 48, 'medium', 'Operations Team', 'Pending', '2026-04-18 19:18:01.784984', '2026-04-18 19:18:01.784991');
INSERT INTO tasks (id, task_code, original_request, intent, entities, risk_score, risk_label, assigned_team, status, created_at, updated_at) VALUES (7, 'VG-54395010', 'I need a driver to pick me up from JKIA Terminal 1A on Thursday 24th April. Emirates EK722 lands at 11:15 PM. Drop off at Westlands.', 'airport_transfer', '{"recipient_location": "Westlands, Nairobi", "preferred_date": "Thursday 24 April, 11:15 PM", "urgency": "normal", "is_first_time_customer": false, "notes": "Emirates EK722, JKIA Terminal 1A, late night pickup"}', 0, 'low', 'Logistics Team', 'Pending', '2026-04-18 19:18:01.794044', '2026-04-18 19:18:01.794056');
INSERT INTO tasks (id, task_code, original_request, intent, entities, risk_score, risk_label, assigned_team, status, created_at, updated_at) VALUES (8, 'VG-911DBAD5', 'Can you tell me the status of my land title verification? I submitted it 3 days ago and haven''t received any update.', 'check_status', '{"urgency": "normal", "is_first_time_customer": false, "notes": "Following up on a land title verification submitted 3 days ago"}', 0, 'low', 'Customer Support', 'Completed', '2026-04-18 19:18:01.802462', '2026-04-18 19:18:01.802468');

-- Fulfilment Steps
INSERT INTO task_steps (id, task_id, step_number, description, is_complete) VALUES (1, 1, 1, 'Verify sender identity against our records — returning customer, expedited check', 0);
INSERT INTO task_steps (id, task_id, step_number, description, is_complete) VALUES (2, 1, 2, 'Confirm Grace Wanjiku''s M-Pesa number and bank details in Nakuru', 0);
INSERT INTO task_steps (id, task_id, step_number, description, is_complete) VALUES (3, 1, 3, 'Initiate KES 8,000 transfer via M-Pesa send money', 0);
INSERT INTO task_steps (id, task_id, step_number, description, is_complete) VALUES (4, 1, 4, 'Send SMS confirmation receipt to both sender and Grace', 0);
INSERT INTO task_steps (id, task_id, step_number, description, is_complete) VALUES (5, 1, 5, 'Log completion and close task', 0);
INSERT INTO task_steps (id, task_id, step_number, description, is_complete) VALUES (6, 2, 1, 'PRIORITY: Flag for senior Finance staff — critical risk score', 0);
INSERT INTO task_steps (id, task_id, step_number, description, is_complete) VALUES (7, 2, 2, 'Call customer directly to verify identity and confirm the request is genuine', 0);
INSERT INTO task_steps (id, task_id, step_number, description, is_complete) VALUES (8, 2, 3, 'Verify James Omondi''s details via Kenya national hospital registry or family confirmation', 0);
INSERT INTO task_steps (id, task_id, step_number, description, is_complete) VALUES (9, 2, 4, 'Require customer to upload national ID before processing', 0);
INSERT INTO task_steps (id, task_id, step_number, description, is_complete) VALUES (10, 2, 5, 'Initiate transfer only after identity confirmed — use bank transfer not M-Pesa for amounts above KES 100,000', 0);
INSERT INTO task_steps (id, task_id, step_number, description, is_complete) VALUES (11, 2, 6, 'Send confirmation to both parties and document all verification steps', 0);
INSERT INTO task_steps (id, task_id, step_number, description, is_complete) VALUES (12, 3, 1, 'Receive scanned copy of title deed and plot reference number from customer', 0);
INSERT INTO task_steps (id, task_id, step_number, description, is_complete) VALUES (13, 3, 2, 'Run official title search at Nairobi City County Lands Registry', 0);
INSERT INTO task_steps (id, task_id, step_number, description, is_complete) VALUES (14, 3, 3, 'Check the encumbrance register for any cautions, caveats, or charges on the title', 0);
INSERT INTO task_steps (id, task_id, step_number, description, is_complete) VALUES (15, 3, 4, 'Cross-reference registered owner against the Land Registration Act records', 0);
INSERT INTO task_steps (id, task_id, step_number, description, is_complete) VALUES (16, 3, 5, 'Confirm property dimensions match the deed (0.5 acres Karen)', 0);
INSERT INTO task_steps (id, task_id, step_number, description, is_complete) VALUES (17, 3, 6, 'Issue signed verification report — suitable for legal proceedings', 0);
INSERT INTO task_steps (id, task_id, step_number, description, is_complete) VALUES (18, 4, 1, 'FRAUD ALERT: Flag immediately — pressure to verify before large payment is a common land scam pattern', 0);
INSERT INTO task_steps (id, task_id, step_number, description, is_complete) VALUES (19, 4, 2, 'Do not proceed until a legal officer reviews this request manually', 0);
INSERT INTO task_steps (id, task_id, step_number, description, is_complete) VALUES (20, 4, 3, 'Call customer to explain the risk and advise they do NOT transfer funds until verification is complete', 0);
INSERT INTO task_steps (id, task_id, step_number, description, is_complete) VALUES (21, 4, 4, 'If customer wishes to proceed: receive title deed, plot reference, and seller''s details', 0);
INSERT INTO task_steps (id, task_id, step_number, description, is_complete) VALUES (22, 4, 5, 'Conduct full Kiambu Lands Registry search including fraud database check', 0);
INSERT INTO task_steps (id, task_id, step_number, description, is_complete) VALUES (23, 4, 6, 'Issue report and strongly advise customer to use a licensed conveyancing lawyer', 0);
INSERT INTO task_steps (id, task_id, step_number, description, is_complete) VALUES (24, 5, 1, 'Match available vetted cleaner in the Kilimani area for Saturday morning', 0);
INSERT INTO task_steps (id, task_id, step_number, description, is_complete) VALUES (25, 5, 2, 'Confirm booking with customer — arrival time between 9:00–10:00 AM', 0);
INSERT INTO task_steps (id, task_id, step_number, description, is_complete) VALUES (26, 5, 3, 'Brief cleaner: 2-bedroom standard clean, no laundry', 0);
INSERT INTO task_steps (id, task_id, step_number, description, is_complete) VALUES (27, 5, 4, 'Send cleaner''s name and contact to customer Friday evening', 0);
INSERT INTO task_steps (id, task_id, step_number, description, is_complete) VALUES (28, 5, 5, 'Collect post-service rating from customer', 0);
INSERT INTO task_steps (id, task_id, step_number, description, is_complete) VALUES (29, 6, 1, 'Match customer with a licensed property lawyer familiar with Nairobi tenancy law', 0);
INSERT INTO task_steps (id, task_id, step_number, description, is_complete) VALUES (30, 6, 2, 'Send customer a secure upload link for the tenancy agreement document', 0);
INSERT INTO task_steps (id, task_id, step_number, description, is_complete) VALUES (31, 6, 3, 'Lawyer reviews agreement against the Landlord and Tenant Act (Kenya)', 0);
INSERT INTO task_steps (id, task_id, step_number, description, is_complete) VALUES (32, 6, 4, 'Provide written report: flagged clauses, recommended amendments, risk areas', 0);
INSERT INTO task_steps (id, task_id, step_number, description, is_complete) VALUES (33, 6, 5, 'Customer approves or requests revisions before tenant sign-off', 0);
INSERT INTO task_steps (id, task_id, step_number, description, is_complete) VALUES (34, 7, 1, 'Confirm Emirates EK722 schedule and terminal — verify against live flight status', 0);
INSERT INTO task_steps (id, task_id, step_number, description, is_complete) VALUES (35, 7, 2, 'Assign vetted night-shift driver available for JKIA Terminal 1A on Thursday 24 April', 0);
INSERT INTO task_steps (id, task_id, step_number, description, is_complete) VALUES (36, 7, 3, 'Send driver name, vehicle registration, and WhatsApp contact to customer by Wednesday evening', 0);
INSERT INTO task_steps (id, task_id, step_number, description, is_complete) VALUES (37, 7, 4, 'Driver monitors EK722 flight status and adjusts pickup time for any delays', 0);
INSERT INTO task_steps (id, task_id, step_number, description, is_complete) VALUES (38, 7, 5, 'Driver waits in arrivals with customer name board', 0);
INSERT INTO task_steps (id, task_id, step_number, description, is_complete) VALUES (39, 7, 6, 'Confirm successful pickup and drop-off to Westlands', 0);
INSERT INTO task_steps (id, task_id, step_number, description, is_complete) VALUES (40, 8, 1, 'Search customer''s account for recent land title verification tasks', 0);
INSERT INTO task_steps (id, task_id, step_number, description, is_complete) VALUES (41, 8, 2, 'Retrieve current status, assigned officer, and last update timestamp', 0);
INSERT INTO task_steps (id, task_id, step_number, description, is_complete) VALUES (42, 8, 3, 'Send full status report to customer with next expected action', 0);

-- Confirmation Messages (WhatsApp, Email, SMS)
INSERT INTO task_messages (id, task_id, channel, subject, content) VALUES (1, 1, 'whatsapp', NULL, 'Hi! 👋

Your transfer to Grace Wanjiku is done!

📌 *Task Code:* VG-B56935D5
💸 *Amount:* KES 8,000
📍 *Recipient:* Grace Wanjiku, Nakuru
✅ *Status:* Completed

Grace has been notified. Receipt saved on your dashboard.');
INSERT INTO task_messages (id, task_id, channel, subject, content) VALUES (2, 1, 'email', 'Transfer Complete — KES 8,000 to Grace Wanjiku | VG-B56935D5', 'Dear Customer,

Your money transfer has been completed successfully.

Transaction Summary:
  Task Code:    VG-B56935D5
  Amount:       KES 8,000
  Recipient:    Grace Wanjiku, Nakuru
  Method:       M-Pesa
  Status:       Completed

Grace has been sent an SMS confirmation. A full receipt is available on your Diaspora dashboard.

Thank you for using Diaspora.

Warm regards,
Diaspora Finance Team');
INSERT INTO task_messages (id, task_id, channel, subject, content) VALUES (3, 1, 'sms', NULL, 'DIASPORA VG-B56935D5: KES 8K sent to G.Wanjiku, Nakuru. Completed. Receipt on dashboard.');
INSERT INTO task_messages (id, task_id, channel, subject, content) VALUES (4, 2, 'whatsapp', NULL, 'Hello 🙏

We''ve received your urgent request to transfer *KES 120,000* to James Omondi in Kisumu.

📌 *Task Code:* VG-76F0AAE5
⚠️ *Risk Level:* Critical — enhanced verification required
👥 *Assigned:* Senior Finance Officer

Because of the amount and urgency, we need to verify your identity before processing. *Please have your national ID ready.* Our officer will call you within 15 minutes.');
INSERT INTO task_messages (id, task_id, channel, subject, content) VALUES (5, 2, 'email', 'URGENT: Transfer Request Under Review — VG-76F0AAE5', 'Dear Customer,

We have received your request to transfer KES 120,000 to James Omondi in Kisumu.

Task Code:     VG-76F0AAE5
Amount:        KES 120,000
Recipient:     James Omondi, Kisumu
Priority:      Critical
Status:        Under Review

IMPORTANT — Enhanced Verification Required:
Due to the amount and urgency of this request, our policy requires identity verification before processing transfers above KES 100,000. This protects you from fraud.

A senior Finance Officer will call you within 15 minutes. Please have your:
  • National ID or Passport
  • The recipient''s phone number
  • The name of the hospital (if applicable)

We understand this is urgent and will process it as quickly as safely possible.

Diaspora Finance Team');
INSERT INTO task_messages (id, task_id, channel, subject, content) VALUES (6, 2, 'sms', NULL, 'DiasporaVG-76F0AAE5: KES 120K transfer HELD for ID verify. Officer calling in 15min. Have ID ready.');
INSERT INTO task_messages (id, task_id, channel, subject, content) VALUES (7, 3, 'whatsapp', NULL, 'Hello! 🏡

Your land title verification for *Karen plot* is underway.

📌 *Task Code:* VG-0501243E
📋 *Document:* Land Title Deed — Karen, Nairobi
👥 *Legal Team* assigned

⚠️ Do not sign any agreement until you receive our report. Please send a clear scan of the title deed to proceed. We''ll have results within 2 business days.');
INSERT INTO task_messages (id, task_id, channel, subject, content) VALUES (8, 3, 'email', 'Land Title Verification In Progress — Karen Plot | VG-0501243E', 'Dear Customer,

We have received and are processing your land title verification request.

Task Code:      VG-0501243E
Property:       0.5 acres, Karen, Nairobi
Document Type:  Land Title Deed
Purpose:        Pre-sale verification for buyer''s lawyer
Assigned To:    Legal Team
Status:         In Progress

IMPORTANT ADVISORY:
Please do not sign any sale agreement or make any payments until you have received our verification report. Our legal team will conduct a full search of the Nairobi Lands Registry including encumbrance checks.

Expected turnaround: 2 business days.

Best regards,
Diaspora Legal Team');
INSERT INTO task_messages (id, task_id, channel, subject, content) VALUES (9, 3, 'sms', NULL, 'DiasporaVG-0501243E: Karen title verify in progress. Legal team assigned. DO NOT SIGN until report received.');
INSERT INTO task_messages (id, task_id, channel, subject, content) VALUES (10, 4, 'whatsapp', NULL, '⚠️ IMPORTANT — Please read carefully.

We''ve received your title verification request for *Kiambu plot*.

📌 *Task Code:* VG-6FE2FBBC
🚨 *Risk Level:* Critical

The pattern you''ve described — an agent pressuring you to verify today before wiring KES 2.5M tomorrow — matches a known Kenyan land fraud scheme. *Please do NOT transfer any money until verification is complete.*

Our legal officer will call you within 30 minutes. Do not let the agent pressure you.');
INSERT INTO task_messages (id, task_id, channel, subject, content) VALUES (11, 4, 'email', '⚠️ FRAUD RISK DETECTED — Land Title Request Flagged | VG-6FE2FBBC', 'Dear Customer,

We have received your land title verification request and our system has flagged it as HIGH RISK.

Task Code:    VG-6FE2FBBC
Property:     Kiambu Plot
Risk Level:   Critical
Status:       HOLD — Manual Review Required

WHY THIS IS FLAGGED:
The scenario you described — an agent creating urgency around a large transfer — is the most common pattern in Kenyan land fraud. Fraudulent actors often:
  • Show genuine-looking but forged title deeds
  • Create artificial time pressure (''wire by tomorrow'')
  • Disappear after receiving payment

OUR STRONG ADVICE:
  1. Do NOT transfer any funds until our report is complete
  2. Insist on using a licensed conveyancing advocate
  3. If the agent refuses to wait for verification, treat this as a red flag

A senior legal officer will contact you within 30 minutes.

Diaspora Legal Team');
INSERT INTO task_messages (id, task_id, channel, subject, content) VALUES (12, 4, 'sms', NULL, 'DiasporaVG-6FE2FBBC: Kiambu title FLAGGED high risk. DO NOT WIRE FUNDS. Legal officer calling 30min.');
INSERT INTO task_messages (id, task_id, channel, subject, content) VALUES (13, 5, 'whatsapp', NULL, 'Hey! 🧹✨

Saturday cleaning booked for your Kilimani apartment!

📌 *Task Code:* VG-70F795E9
📅 Saturday morning, 9:00–10:00 AM arrival
🏠 2-bedroom standard clean

You''ll get your cleaner''s details by Friday evening. Anything to note for the cleaner?');
INSERT INTO task_messages (id, task_id, channel, subject, content) VALUES (14, 5, 'email', 'Cleaning Service Booked — Saturday | VG-70F795E9', 'Dear Customer,

Your cleaning service has been confirmed.

Task Code:   VG-70F795E9
Service:     2-bedroom standard clean
Location:    Kilimani, Nairobi
Scheduled:   Saturday morning (9:00–10:00 AM arrival)
Assigned To: Operations Team

You will receive your cleaner''s name and contact number by Friday evening.

All our cleaners are vetted and carry personal accident insurance.

Thank you,
Diaspora Operations Team');
INSERT INTO task_messages (id, task_id, channel, subject, content) VALUES (15, 5, 'sms', NULL, 'DiasporaVG-70F795E9: Cleaning booked Kilimani, Sat 9-10AM. Cleaner details Fri evening.');
INSERT INTO task_messages (id, task_id, channel, subject, content) VALUES (16, 6, 'whatsapp', NULL, 'Hello! ⚖️

Your legal review request for a *Lavington tenancy agreement* has been logged.

📌 *Task Code:* VG-C1F7E7C3
👥 *Legal Team* assigned

A property lawyer will be in touch within 4 hours. Please have the agreement document ready to share securely through our platform.');
INSERT INTO task_messages (id, task_id, channel, subject, content) VALUES (17, 6, 'email', 'Legal Review Request — Tenancy Agreement | VG-C1F7E7C3', 'Dear Customer,

We have received your request for legal review of a tenancy agreement.

Task Code:      VG-C1F7E7C3
Service:        Tenancy Agreement Legal Review
Property:       Lavington, Nairobi
Priority:       High
Assigned To:    Legal Team

Next Steps:
A licensed property lawyer will contact you within 4 hours via the phone number on your account. They will request a secure copy of the agreement for review.

Our review covers:
  • Compliance with the Landlord and Tenant Act (Kenya)
  • Unfair or non-standard clauses
  • Deposit and notice period terms
  • Dispute resolution provisions

Best regards,
Diaspora Legal Team');
INSERT INTO task_messages (id, task_id, channel, subject, content) VALUES (18, 6, 'sms', NULL, 'DiasporaVG-C1F7E7C3: Tenancy review Lavington logged. Lawyer contacts you in 4hrs. Prepare doc.');
INSERT INTO task_messages (id, task_id, channel, subject, content) VALUES (19, 7, 'whatsapp', NULL, 'Welcome back! 🇰🇪✈️

Your JKIA pickup is confirmed!

📌 *Task Code:* VG-54395010
✈️ Flight: Emirates EK722
🕚 Landing: 11:15 PM, Thursday 24 April
🏁 Terminal: JKIA Terminal 1A
📍 Drop-off: Westlands

Your driver''s details will arrive by Wednesday evening. Safe flight!');
INSERT INTO task_messages (id, task_id, channel, subject, content) VALUES (20, 7, 'email', 'Airport Transfer Confirmed — EK722 Thu 24 Apr | VG-54395010', 'Dear Customer,

Your airport transfer has been confirmed.

Task Code:    VG-54395010
Flight:       Emirates EK722
Arrival:      Thursday 24 April, 11:15 PM
Terminal:     JKIA Terminal 1A
Drop-off:     Westlands, Nairobi
Assigned To:  Logistics Team

Your driver will:
  • Monitor EK722 live flight status
  • Adjust pickup time for any delays
  • Wait in arrivals with your name displayed
  • Contact you on your registered number upon landing

Driver details will be sent by Wednesday evening.

Safe travels,
Diaspora Logistics Team');
INSERT INTO task_messages (id, task_id, channel, subject, content) VALUES (21, 7, 'sms', NULL, 'DiasporaVG-54395010: JKIA T1A pickup EK722 Thu 24Apr 11:15PM to Westlands. Driver details Wed eve.');
INSERT INTO task_messages (id, task_id, channel, subject, content) VALUES (22, 8, 'whatsapp', NULL, 'Hi! 👋

Status check received!

📌 *Task Code:* VG-911DBAD5

We''re pulling up your land title verification now. Our support team will send you a full update within 1 hour, including the current stage and expected completion date.');
INSERT INTO task_messages (id, task_id, channel, subject, content) VALUES (23, 8, 'email', 'Status Enquiry Received | VG-911DBAD5', 'Dear Customer,

We have received your status enquiry.

Enquiry Code:  VG-911DBAD5
Subject:       Land title verification follow-up
Status:        Being Processed

Our customer support team will respond with a full status update within 1 business hour. This will include:
  • Current stage of your verification
  • The assigned legal officer
  • Expected completion date

We apologise for any inconvenience caused by the lack of communication.

Customer Support
Diaspora');
INSERT INTO task_messages (id, task_id, channel, subject, content) VALUES (24, 8, 'sms', NULL, 'DiasporaVG-911DBAD5: Status check received. Support team sends full update within 1hr.');

-- Status History (audit trail)
INSERT INTO status_history (id, task_id, old_status, new_status, changed_at) VALUES (1, 1, NULL, 'Pending', '2026-04-18 19:18:01.745940');
INSERT INTO status_history (id, task_id, old_status, new_status, changed_at) VALUES (2, 1, 'Pending', 'In Progress', '2026-04-18 19:18:01.745950');
INSERT INTO status_history (id, task_id, old_status, new_status, changed_at) VALUES (3, 1, 'In Progress', 'Completed', '2026-04-18 19:18:01.745953');
INSERT INTO status_history (id, task_id, old_status, new_status, changed_at) VALUES (4, 2, NULL, 'Pending', '2026-04-18 19:18:01.759610');
INSERT INTO status_history (id, task_id, old_status, new_status, changed_at) VALUES (5, 2, 'Pending', 'In Progress', '2026-04-18 19:18:01.759619');
INSERT INTO status_history (id, task_id, old_status, new_status, changed_at) VALUES (6, 3, NULL, 'Pending', '2026-04-18 19:18:01.769360');
INSERT INTO status_history (id, task_id, old_status, new_status, changed_at) VALUES (7, 3, 'Pending', 'In Progress', '2026-04-18 19:18:01.769367');
INSERT INTO status_history (id, task_id, old_status, new_status, changed_at) VALUES (8, 4, NULL, 'Pending', '2026-04-18 19:18:01.776819');
INSERT INTO status_history (id, task_id, old_status, new_status, changed_at) VALUES (9, 5, NULL, 'Pending', '2026-04-18 19:18:01.785910');
INSERT INTO status_history (id, task_id, old_status, new_status, changed_at) VALUES (10, 5, 'Pending', 'In Progress', '2026-04-18 19:18:01.785917');
INSERT INTO status_history (id, task_id, old_status, new_status, changed_at) VALUES (11, 5, 'In Progress', 'Completed', '2026-04-18 19:18:01.785919');
INSERT INTO status_history (id, task_id, old_status, new_status, changed_at) VALUES (12, 6, NULL, 'Pending', '2026-04-18 19:18:01.795652');
INSERT INTO status_history (id, task_id, old_status, new_status, changed_at) VALUES (13, 7, NULL, 'Pending', '2026-04-18 19:18:01.803118');
INSERT INTO status_history (id, task_id, old_status, new_status, changed_at) VALUES (14, 8, NULL, 'Pending', '2026-04-18 19:18:01.808353');
INSERT INTO status_history (id, task_id, old_status, new_status, changed_at) VALUES (15, 8, 'Pending', 'In Progress', '2026-04-18 19:18:01.808362');
INSERT INTO status_history (id, task_id, old_status, new_status, changed_at) VALUES (16, 8, 'In Progress', 'Completed', '2026-04-18 19:18:01.808365');